{
  "N": 5,
  "mu": [-1.12095129310443, -0.46035497896656, 3.11741662829825, 0.141016782849152, 0.258575470321892],
  "sigma": [
    [13.4118833457451, -4.63293739369269, 6.18983340887535, 2.01091514757522, 3.02331168487524],
    [-4.63293739369269, 8.16414682318517, -0.84742679673632, -0.0843430757805232, -1.1870251781897],
    [6.18983340887535, -0.84742679673632, 5.40372031429022, -0.540272292832286, 0.179452215659324],
    [2.01091514757522, -0.0843430757805232, -0.540272292832286, 13.8478067514484, -1.31905554992841],
    [3.02331168487524, -1.1870251781897, 0.179452215659324, -1.31905554992841, 7.265631858425]
  ]
}
