{
  "N": 12,
  "mu": [0, 0, 0, 0, 0, 0, 0, 0, 0, 0, 0, 0],
  "sigma": [
    [10.2991902165258, -5.42218141659893, -0.349697427974519, 4.10960172035013, 8.11402651715298, 2.64935148063941, -2.33918334999409, 1.36862396768982, 0.919601733130574, -2.84478386422918, -3.43410056926344, 2.54680186003517],
    [-5.42218141659893, 21.3936920985307, -0.320705200993123, -9.6006861715253, -1.90751689386292, -1.63456304661512, -1.45973226591699, -1.99102573923249, -5.73930404627729, -4.18127178499826, 9.06687262409369, -1.99704174463196],
    [-0.349697427974519, -0.320705200993123, 17.6075453243533, 7.15005114423219, 0.658966180304649, -3.37240498121352, -6.91973605835312, 3.74145883714488, 1.93397599129485, 0.372171107983519, -1.09448041214846, -1.0283835061615],
    [4.10960172035013, -9.6006861715253, 7.15005114423219, 18.3155377325698, -0.760821177608499, -2.58691608191447, 0.0531783990720979, 5.45929068836859, 5.84353740344771, -0.230674619523358, -6.2319575355351, -2.07256136882803],
    [8.11402651715298, -1.90751689386292, 0.658966180304649, -0.760821177608499, 19.1153238389397, 1.91468402036984, -2.95187218120874, 2.96581544080307, -1.23166562460208, 3.16632757173323, -3.9405663454569, 0.346139962982471],
    [2.64935148063941, -1.63456304661512, -3.37240498121352, -2.58691608191447, 1.91468402036984, 15.9017562359403, -4.15268059715334, 1.42315287604878, 4.0655657370391, 3.87027362476807, 7.77181712043268, -3.68263715133142],
    [-2.33918334999409, -1.45973226591699, -6.91973605835312, 0.0531783990720979, -2.95187218120874, -4.15268059715334, 11.5906114513995, -0.223936742165706, -3.19919487626566, 0.585843843082847, -6.03820231073314, 2.15221137938171],
    [1.36862396768982, -1.99102573923249, 3.74145883714488, 5.45929068836859, 2.96581544080307, 1.42315287604878, -0.223936742165706, 14.4267211447465, 3.09108915620357, -1.45477562773811, 0.17930539911688, -1.87718939138112],
    [0.919601733130574, -5.73930404627729, 1.93397599129485, 5.84353740344771, -1.23166562460208, 4.0655657370391, -3.19919487626566, 3.09108915620357, 9.80681352123131, 0.459496369825241, 4.10221060439257, -4.14520136700947],
    [-2.84478386422918, -4.18127178499826, 0.372171107983519, -0.230674619523358, 3.16632757173323, 3.87027362476807, 0.585843843082847, -1.45477562773811, 0.459496369825241, 13.74849731677, 0.173599088072878, -3.21943524157595],
    [-3.43410056926344, 9.06687262409369, -1.09448041214846, -6.2319575355351, -3.9405663454569, 7.77181712043268, -6.03820231073314, 0.17930539911688, 4.10221060439257, 0.173599088072878, 21.7294468845715, -7.2372048623591],
    [2.54680186003517, -1.99704174463196, -1.0283835061615, -2.07256136882803, 0.346139962982471, -3.68263715133142, 2.15221137938171, -1.87718939138112, -4.14520136700947, -3.21943524157595, -7.2372048623591, 8.54873988378852]
  ]
}
