{
  "nx": 30,
  "ny": 35,
  "x": [-0.812206375125223, -0.333558871859427, 2.25878294177528, 0.102176366390132, 0.187355727887884, 2.48536528691241, 0.667931038941379, -1.83324789576828, -0.995344344598374, -0.645825551016751, 1.7738630494848, 0.521419772637651, 0.580773007967526, 0.16039449360522, -0.805490329475075, 2.58948314781286, 0.721453884329049, -2.84989901322399, 1.01636126027227, -0.685139841174675, -1.54742356219676, -0.315875660953184, -1.48682170036865, -1.05626374106511, -0.905767951156599, -2.44425082212459, 1.21406876948467, 0.222258763330665, -1.64931711429942, 1.81695043912181],
  "y": [1.11800537021909, 0.0724007972902168, 1.79716031893853, 1.77253632012866, 1.69058409815507, 1.4979345364756, 1.30270294037784, 0.410281407703168, 0.0566179769477191, -0.051354861667026, -0.506726055974423, 0.198699239217578, -1.33373352638293, 3.64311580396154, 2.25050324125175, -1.12753896060788, -0.0838355933645392, -0.176247853998032, 1.63027683786978, 0.379186744877861, 0.867093402308285, 0.458631821336065, 0.437874805211011, 2.48329313133489, 0.172826758845302, 2.69757468533101, -1.74435603728175, 1.34718580969787, 0.679481850916671, 0.812929062783207, 1.05014987724019, -0.227935840745372, 0.0171366268634343, -0.976055962099906, -1.0531730456118],
  "rscale": 1
}
